[
  {
    "id" : "LocalEthnicityCS",
    "type" : "CodeSystem",
    "url" : "http://example.org/CodeSystem/LocalEthnicityCS",
    "version" : "0.1.0",
    "name" : "LocalEthnicityCS"
  },
  {
    "id" : "fhir.example",
    "type" : "ImplementationGuide",
    "url" : "http://example.org/ImplementationGuide/fhir.example",
    "version" : "0.1.0",
    "name" : "PatientAssignment"
  },
  {
    "id" : "CasestudyAllergyintolerance",
    "type" : "StructureDefinition",
    "url" : "http://example.org/StructureDefinition/CasestudyAllergyintolerance",
    "version" : "0.1.0",
    "name" : "CasestudyAllergyintolerance"
  },
  {
    "id" : "CasestudyCondition",
    "type" : "StructureDefinition",
    "url" : "http://example.org/StructureDefinition/CasestudyCondition",
    "version" : "0.1.0",
    "name" : "CasestudyCondition"
  },
  {
    "id" : "CasestudyDiagnosticReport",
    "type" : "StructureDefinition",
    "url" : "http://example.org/StructureDefinition/CasestudyDiagnosticReport",
    "version" : "0.1.0",
    "name" : "CasestudyDiagnosticReport"
  },
  {
    "id" : "CasestudyEncounter",
    "type" : "StructureDefinition",
    "url" : "http://example.org/StructureDefinition/CasestudyEncounter",
    "version" : "0.1.0",
    "name" : "CasestudyEncounter"
  },
  {
    "id" : "CasestudyMedicationRequest",
    "type" : "StructureDefinition",
    "url" : "http://example.org/StructureDefinition/CasestudyMedicationRequest",
    "version" : "0.1.0",
    "name" : "CasestudyMedicationRequest"
  },
  {
    "id" : "CasestudyMedicationStatement",
    "type" : "StructureDefinition",
    "url" : "http://example.org/StructureDefinition/CasestudyMedicationStatement",
    "version" : "0.1.0",
    "name" : "CasestudyMedicationStatement"
  },
  {
    "id" : "CasestudyObservation",
    "type" : "StructureDefinition",
    "url" : "http://example.org/StructureDefinition/CasestudyObservation",
    "version" : "0.1.0",
    "name" : "CasestudyObservation"
  },
  {
    "id" : "CasestudyOrganization",
    "type" : "StructureDefinition",
    "url" : "http://example.org/StructureDefinition/CasestudyOrganization",
    "version" : "0.1.0",
    "name" : "CasestudyOrganization"
  },
  {
    "id" : "CasestudyPatient",
    "type" : "StructureDefinition",
    "url" : "http://example.org/StructureDefinition/CasestudyPatient",
    "version" : "0.1.0",
    "name" : "CasestudyPatient"
  },
  {
    "id" : "CasestudyPractictionerRole",
    "type" : "StructureDefinition",
    "url" : "http://example.org/StructureDefinition/CasestudyPractictionerRole",
    "version" : "0.1.0",
    "name" : "CasestudyPractictionerRole"
  },
  {
    "id" : "CasestudyPractitioner",
    "type" : "StructureDefinition",
    "url" : "http://example.org/StructureDefinition/CasestudyPractitioner",
    "version" : "0.1.0",
    "name" : "CasestudyPractitioner"
  },
  {
    "id" : "CasestudyQuestionnaireResponse",
    "type" : "StructureDefinition",
    "url" : "http://example.org/StructureDefinition/CasestudyQuestionnaireResponse",
    "version" : "0.1.0",
    "name" : "CasestudyQuestionnaireResponse"
  },
  {
    "id" : "CasestudyServiceRequest",
    "type" : "StructureDefinition",
    "url" : "http://example.org/StructureDefinition/CasestudyServiceRequest",
    "version" : "0.1.0",
    "name" : "CasestudyServiceRequest"
  },
  {
    "id" : "LMAntiviralPrescription",
    "type" : "StructureDefinition",
    "url" : "http://example.org/StructureDefinition/LMAntiviralPrescription",
    "version" : "0.1.0",
    "name" : "LMAntiviralPrescription"
  },
  {
    "id" : "LMRiskAssessment",
    "type" : "StructureDefinition",
    "url" : "http://example.org/StructureDefinition/LMRiskAssessment",
    "version" : "0.1.0",
    "name" : "LMRiskAssessment"
  },
  {
    "id" : "LMTestResult",
    "type" : "StructureDefinition",
    "url" : "http://example.org/StructureDefinition/LMTestResult",
    "version" : "0.1.0",
    "name" : "LMTestResult"
  },
  {
    "id" : "LocalEthnicity",
    "type" : "StructureDefinition",
    "url" : "http://example.org/StructureDefinition/LocalEthnicity",
    "version" : "0.1.0",
    "name" : "LocalEthnicity"
  },
  {
    "id" : "LocalEthnicityVS",
    "type" : "ValueSet",
    "url" : "http://example.org/ValueSet/LocalEthnicityVS",
    "version" : "0.1.0",
    "name" : "LocalEthnicityVS"
  },
  {
    "id" : "CasestudyQuestionnaire",
    "type" : "Questionnaire",
    "url" : "http://example.org/questionnaires/monkey_virus",
    "version" : "0.1.0"
  }
]
