{
  "resourceType" : "CodeSystem",
  "id" : "LocalEthnicityCS",
  "text" : {
    "status" : "generated",
    "div" : "<div xmlns=\"http://www.w3.org/1999/xhtml\"><p>This code system <code>http://example.org/CodeSystem/LocalEthnicityCS</code> defines the following codes:</p><table class=\"codes\"><tr><td style=\"white-space:nowrap\"><b>Code</b></td><td><b>Display</b></td></tr><tr><td style=\"white-space:nowrap\">00<a name=\"LocalEthnicityCS-00\"> </a></td><td>Not Informed</td></tr><tr><td style=\"white-space:nowrap\">01<a name=\"LocalEthnicityCS-01\"> </a></td><td>Puru</td></tr><tr><td style=\"white-space:nowrap\">02<a name=\"LocalEthnicityCS-02\"> </a></td><td>Tupi</td></tr><tr><td style=\"white-space:nowrap\">03<a name=\"LocalEthnicityCS-03\"> </a></td><td>Chono</td></tr><tr><td style=\"white-space:nowrap\">04<a name=\"LocalEthnicityCS-04\"> </a></td><td>Kayapo</td></tr><tr><td style=\"white-space:nowrap\">05<a name=\"LocalEthnicityCS-05\"> </a></td><td>Yamana</td></tr></table></div>"
  },
  "url" : "http://example.org/CodeSystem/LocalEthnicityCS",
  "version" : "0.1.0",
  "name" : "LocalEthnicityCS",
  "title" : "Local Ethnicity CS",
  "status" : "active",
  "experimental" : false,
  "date" : "2023-07-06T18:34:41-03:00",
  "description" : "Local Ethnicity CS",
  "caseSensitive" : false,
  "content" : "complete",
  "count" : 6,
  "concept" : [{
    "code" : "00",
    "display" : "Not Informed"
  },
  {
    "code" : "01",
    "display" : "Puru"
  },
  {
    "code" : "02",
    "display" : "Tupi"
  },
  {
    "code" : "03",
    "display" : "Chono"
  },
  {
    "code" : "04",
    "display" : "Kayapo"
  },
  {
    "code" : "05",
    "display" : "Yamana"
  }]
}