<?xml version="1.0" encoding="UTF-8"?>

<CodeSystem xmlns="http://hl7.org/fhir">
  <id value="LocalEthnicityCS"/>
  <text>
    <status value="generated"/><div xmlns="http://www.w3.org/1999/xhtml"><p>This code system <code>http://example.org/CodeSystem/LocalEthnicityCS</code> defines the following codes:</p><table class="codes"><tr><td style="white-space:nowrap"><b>Code</b></td><td><b>Display</b></td></tr><tr><td style="white-space:nowrap">00<a name="LocalEthnicityCS-00"> </a></td><td>Not Informed</td></tr><tr><td style="white-space:nowrap">01<a name="LocalEthnicityCS-01"> </a></td><td>Puru</td></tr><tr><td style="white-space:nowrap">02<a name="LocalEthnicityCS-02"> </a></td><td>Tupi</td></tr><tr><td style="white-space:nowrap">03<a name="LocalEthnicityCS-03"> </a></td><td>Chono</td></tr><tr><td style="white-space:nowrap">04<a name="LocalEthnicityCS-04"> </a></td><td>Kayapo</td></tr><tr><td style="white-space:nowrap">05<a name="LocalEthnicityCS-05"> </a></td><td>Yamana</td></tr></table></div>
  </text>
  <url value="http://example.org/CodeSystem/LocalEthnicityCS"/>
  <version value="0.1.0"/>
  <name value="LocalEthnicityCS"/>
  <title value="Local Ethnicity CS"/>
  <status value="active"/>
  <experimental value="false"/>
  <date value="2023-07-06T18:34:41-03:00"/>
  <description value="Local Ethnicity CS"/>
  <caseSensitive value="false"/>
  <content value="complete"/>
  <count value="6"/>
  <concept>
    <code value="00"/>
    <display value="Not Informed"/>
  </concept>
  <concept>
    <code value="01"/>
    <display value="Puru"/>
  </concept>
  <concept>
    <code value="02"/>
    <display value="Tupi"/>
  </concept>
  <concept>
    <code value="03"/>
    <display value="Chono"/>
  </concept>
  <concept>
    <code value="04"/>
    <display value="Kayapo"/>
  </concept>
  <concept>
    <code value="05"/>
    <display value="Yamana"/>
  </concept>
</CodeSystem>