{
  "resourceType" : "Bundle",
  "id" : "2f8647a7-bec2-411a-ab48-ce4d65a20080",
  "meta" : {
    "lastUpdated" : "2023-07-06T18:34:41.315-03:00"
  },
  "type" : "collection",
  "entry" : [{
    "fullUrl" : "http://example.org/ValueSet/LocalEthnicityVS",
    "resource" : {
      "resourceType" : "ValueSet",
      "text" : {
        "status" : "generated",
        "div" : "<div xmlns=\"http://www.w3.org/1999/xhtml\"><p>This value set contains 6 concepts</p><p style=\"border: black 1px dotted; background-color: #EEEEEE; padding: 8px; margin-bottom: 8px\">Expansion based on <a href=\"CodeSystem-LocalEthnicityCS.html\">Local Ethnicity CS v0.1.0 (CodeSystem)</a></p><table class=\"codes\"><tr><td style=\"white-space:nowrap\"><b>Code</b></td><td><b>System</b></td><td><b>Display</b></td></tr><tr><td style=\"white-space:nowrap\"><a name=\"http---example.org-CodeSystem-LocalEthnicityCS-00\"> </a>\u00a0\u00a0<a href=\"CodeSystem-LocalEthnicityCS.html#LocalEthnicityCS-00\">00</a></td><td>http://example.org/CodeSystem/LocalEthnicityCS</td><td>Not Informed</td></tr><tr><td style=\"white-space:nowrap\"><a name=\"http---example.org-CodeSystem-LocalEthnicityCS-01\"> </a>\u00a0\u00a0<a href=\"CodeSystem-LocalEthnicityCS.html#LocalEthnicityCS-01\">01</a></td><td>http://example.org/CodeSystem/LocalEthnicityCS</td><td>Puru</td></tr><tr><td style=\"white-space:nowrap\"><a name=\"http---example.org-CodeSystem-LocalEthnicityCS-02\"> </a>\u00a0\u00a0<a href=\"CodeSystem-LocalEthnicityCS.html#LocalEthnicityCS-02\">02</a></td><td>http://example.org/CodeSystem/LocalEthnicityCS</td><td>Tupi</td></tr><tr><td style=\"white-space:nowrap\"><a name=\"http---example.org-CodeSystem-LocalEthnicityCS-03\"> </a>\u00a0\u00a0<a href=\"CodeSystem-LocalEthnicityCS.html#LocalEthnicityCS-03\">03</a></td><td>http://example.org/CodeSystem/LocalEthnicityCS</td><td>Chono</td></tr><tr><td style=\"white-space:nowrap\"><a name=\"http---example.org-CodeSystem-LocalEthnicityCS-04\"> </a>\u00a0\u00a0<a href=\"CodeSystem-LocalEthnicityCS.html#LocalEthnicityCS-04\">04</a></td><td>http://example.org/CodeSystem/LocalEthnicityCS</td><td>Kayapo</td></tr><tr><td style=\"white-space:nowrap\"><a name=\"http---example.org-CodeSystem-LocalEthnicityCS-05\"> </a>\u00a0\u00a0<a href=\"CodeSystem-LocalEthnicityCS.html#LocalEthnicityCS-05\">05</a></td><td>http://example.org/CodeSystem/LocalEthnicityCS</td><td>Yamana</td></tr></table></div>"
      },
      "url" : "http://example.org/ValueSet/LocalEthnicityVS",
      "version" : "0.1.0",
      "name" : "LocalEthnicityVS",
      "title" : "Codes for Ethnicity Validation",
      "status" : "active",
      "experimental" : false,
      "date" : "2023-07-06T18:34:41-03:00",
      "expansion" : {
        "identifier" : "urn:uuid:ced1afa2-c531-4dcc-bda6-07210cd1d3df",
        "timestamp" : "2023-07-06T18:35:03-03:00",
        "total" : 6,
        "parameter" : [{
          "name" : "excludeNested",
          "valueBoolean" : false
        },
        {
          "name" : "version",
          "valueUri" : "http://example.org/CodeSystem/LocalEthnicityCS|0.1.0"
        }],
        "contains" : [{
          "system" : "http://example.org/CodeSystem/LocalEthnicityCS",
          "code" : "00",
          "display" : "Not Informed"
        },
        {
          "system" : "http://example.org/CodeSystem/LocalEthnicityCS",
          "code" : "01",
          "display" : "Puru"
        },
        {
          "system" : "http://example.org/CodeSystem/LocalEthnicityCS",
          "code" : "02",
          "display" : "Tupi"
        },
        {
          "system" : "http://example.org/CodeSystem/LocalEthnicityCS",
          "code" : "03",
          "display" : "Chono"
        },
        {
          "system" : "http://example.org/CodeSystem/LocalEthnicityCS",
          "code" : "04",
          "display" : "Kayapo"
        },
        {
          "system" : "http://example.org/CodeSystem/LocalEthnicityCS",
          "code" : "05",
          "display" : "Yamana"
        }]
      }
    }
  }]
}