<?xml version="1.0" encoding="UTF-8"?>

<Bundle xmlns="http://hl7.org/fhir">
  <id value="2f8647a7-bec2-411a-ab48-ce4d65a20080"/>
  <meta>
    <lastUpdated value="2023-07-06T18:34:41.315-03:00"/>
  </meta>
  <type value="collection"/>
  <entry>
    <fullUrl value="http://example.org/ValueSet/LocalEthnicityVS"/>
    <resource>
      <ValueSet>
        <text>
          <status value="generated"/>
          <div xmlns="http://www.w3.org/1999/xhtml">
            <p>This value set contains 6 concepts</p>
            <p style="border: black 1px dotted; background-color: #EEEEEE; padding: 8px; margin-bottom: 8px">Expansion based on 
              <a href="CodeSystem-LocalEthnicityCS.html">Local Ethnicity CS v0.1.0 (CodeSystem)</a>
            </p>
            <table class="codes">
              <tr>
                <td style="white-space:nowrap">
                  <b>Code</b>
                </td>
                <td>
                  <b>System</b>
                </td>
                <td>
                  <b>Display</b>
                </td>
              </tr>
              <tr>
                <td style="white-space:nowrap">
                  <a name="http---example.org-CodeSystem-LocalEthnicityCS-00"> </a>  
                  <a href="CodeSystem-LocalEthnicityCS.html#LocalEthnicityCS-00">00</a>
                </td>
                <td>http://example.org/CodeSystem/LocalEthnicityCS</td>
                <td>Not Informed</td>
              </tr>
              <tr>
                <td style="white-space:nowrap">
                  <a name="http---example.org-CodeSystem-LocalEthnicityCS-01"> </a>  
                  <a href="CodeSystem-LocalEthnicityCS.html#LocalEthnicityCS-01">01</a>
                </td>
                <td>http://example.org/CodeSystem/LocalEthnicityCS</td>
                <td>Puru</td>
              </tr>
              <tr>
                <td style="white-space:nowrap">
                  <a name="http---example.org-CodeSystem-LocalEthnicityCS-02"> </a>  
                  <a href="CodeSystem-LocalEthnicityCS.html#LocalEthnicityCS-02">02</a>
                </td>
                <td>http://example.org/CodeSystem/LocalEthnicityCS</td>
                <td>Tupi</td>
              </tr>
              <tr>
                <td style="white-space:nowrap">
                  <a name="http---example.org-CodeSystem-LocalEthnicityCS-03"> </a>  
                  <a href="CodeSystem-LocalEthnicityCS.html#LocalEthnicityCS-03">03</a>
                </td>
                <td>http://example.org/CodeSystem/LocalEthnicityCS</td>
                <td>Chono</td>
              </tr>
              <tr>
                <td style="white-space:nowrap">
                  <a name="http---example.org-CodeSystem-LocalEthnicityCS-04"> </a>  
                  <a href="CodeSystem-LocalEthnicityCS.html#LocalEthnicityCS-04">04</a>
                </td>
                <td>http://example.org/CodeSystem/LocalEthnicityCS</td>
                <td>Kayapo</td>
              </tr>
              <tr>
                <td style="white-space:nowrap">
                  <a name="http---example.org-CodeSystem-LocalEthnicityCS-05"> </a>  
                  <a href="CodeSystem-LocalEthnicityCS.html#LocalEthnicityCS-05">05</a>
                </td>
                <td>http://example.org/CodeSystem/LocalEthnicityCS</td>
                <td>Yamana</td>
              </tr>
            </table>
          </div>
        </text>
        <url value="http://example.org/ValueSet/LocalEthnicityVS"/>
        <version value="0.1.0"/>
        <name value="LocalEthnicityVS"/>
        <title value="Codes for Ethnicity Validation"/>
        <status value="active"/>
        <experimental value="false"/>
        <date value="2023-07-06T18:34:41-03:00"/>
        <expansion>
          <identifier value="urn:uuid:ced1afa2-c531-4dcc-bda6-07210cd1d3df"/>
          <timestamp value="2023-07-06T18:35:03-03:00"/>
          <total value="6"/>
          <parameter>
            <name value="excludeNested"/>
            <valueBoolean value="false"/>
          </parameter>
          <parameter>
            <name value="version"/>
            <valueUri value="http://example.org/CodeSystem/LocalEthnicityCS|0.1.0"/>
          </parameter>
          <contains>
            <system value="http://example.org/CodeSystem/LocalEthnicityCS"/>
            <code value="00"/>
            <display value="Not Informed"/>
          </contains>
          <contains>
            <system value="http://example.org/CodeSystem/LocalEthnicityCS"/>
            <code value="01"/>
            <display value="Puru"/>
          </contains>
          <contains>
            <system value="http://example.org/CodeSystem/LocalEthnicityCS"/>
            <code value="02"/>
            <display value="Tupi"/>
          </contains>
          <contains>
            <system value="http://example.org/CodeSystem/LocalEthnicityCS"/>
            <code value="03"/>
            <display value="Chono"/>
          </contains>
          <contains>
            <system value="http://example.org/CodeSystem/LocalEthnicityCS"/>
            <code value="04"/>
            <display value="Kayapo"/>
          </contains>
          <contains>
            <system value="http://example.org/CodeSystem/LocalEthnicityCS"/>
            <code value="05"/>
            <display value="Yamana"/>
          </contains>
        </expansion>
      </ValueSet>
    </resource>
  </entry>
</Bundle>