{
  "resourceType" : "Patient",
  "id" : "PatientExample",
  "meta" : {
    "profile" : ["http://example.org/StructureDefinition/CasestudyPatient"]
  },
  "text" : {
    "status" : "generated",
    "div" : "<div xmlns=\"http://www.w3.org/1999/xhtml\"><p style=\"border: 1px #661aff solid; background-color: #e6e6ff; padding: 10px;\"><b>Smith John </b> male, DoB: 1988-02-03 ( id:\u00a0999999\u00a0(use:\u00a0OFFICIAL))</p><hr/><table class=\"grid\"><tr><td style=\"background-color: #f3f5da\" title=\"Ways to contact the Patient\">Contact Detail:</td><td colspan=\"3\">1 A Street Bogota 9999 Colombia </td></tr><tr><td style=\"background-color: #f3f5da\" title=\"Local Ethnicity for Our Patients\"><a href=\"StructureDefinition-LocalEthnicity.html\">Local Ethnicity for Our Patients:</a></td><td colspan=\"3\"><ul><li><a href=\"CodeSystem-LocalEthnicityCS.html#LocalEthnicityCS-01\">Local Ethnicity CS</a> 01: Puru</li></ul></td></tr></table></div>"
  },
  "extension" : [{
    "url" : "http://example.org/StructureDefinition/LocalEthnicity",
    "valueCoding" : {
      "system" : "http://example.org/CodeSystem/LocalEthnicityCS",
      "code" : "01",
      "display" : "Puru"
    }
  }],
  "identifier" : [{
    "use" : "official",
    "system" : "http://myproject.com/pat_identifier",
    "value" : "999999"
  }],
  "name" : [{
    "family" : "John",
    "given" : ["Smith"]
  }],
  "gender" : "male",
  "birthDate" : "1988-02-03",
  "address" : [{
    "line" : ["1 A Street"],
    "city" : "Bogota",
    "postalCode" : "9999",
    "country" : "Colombia"
  }]
}