<?xml version="1.0" encoding="UTF-8"?>

<Patient xmlns="http://hl7.org/fhir">
  <id value="PatientExample"/>
  <meta>
    <profile value="http://example.org/StructureDefinition/CasestudyPatient"/>
  </meta>
  <text>
    <status value="generated"/><div xmlns="http://www.w3.org/1999/xhtml"><p style="border: 1px #661aff solid; background-color: #e6e6ff; padding: 10px;"><b>Smith John </b> male, DoB: 1988-02-03 ( id: 999999 (use: OFFICIAL))</p><hr/><table class="grid"><tr><td style="background-color: #f3f5da" title="Ways to contact the Patient">Contact Detail:</td><td colspan="3">1 A Street Bogota 9999 Colombia </td></tr><tr><td style="background-color: #f3f5da" title="Local Ethnicity for Our Patients"><a href="StructureDefinition-LocalEthnicity.html">Local Ethnicity for Our Patients:</a></td><td colspan="3"><ul><li><a href="CodeSystem-LocalEthnicityCS.html#LocalEthnicityCS-01">Local Ethnicity CS</a> 01: Puru</li></ul></td></tr></table></div>
  </text>
  <extension url="http://example.org/StructureDefinition/LocalEthnicity">
    <valueCoding>
      <system value="http://example.org/CodeSystem/LocalEthnicityCS"/>
      <code value="01"/>
      <display value="Puru"/>
    </valueCoding>
  </extension>
  <identifier>
    <use value="official"/>
    <system value="http://myproject.com/pat_identifier"/>
    <value value="999999"/>
  </identifier>
  <name>
    <family value="John"/>
    <given value="Smith"/>
  </name>
  <gender value="male"/>
  <birthDate value="1988-02-03"/>
  <address>
    <line value="1 A Street"/>
    <city value="Bogota"/>
    <postalCode value="9999"/>
    <country value="Colombia"/>
  </address>
</Patient>