"Id","Path","Slice Name","Alias(s)","Label","Min","Max","Must Support?","Is Modifier?","Is Summary?","Type(s)","Short","Definition","Comments","Requirements","Default Value","Meaning When Missing","Fixed Value","Pattern","Example","Minimum Value","Maximum Value","Maximum Length","Binding Strength","Binding Description","Binding Value Set","Code","Slicing Discriminator","Slicing Description","Slicing Ordered","Slicing Rules","Base Path","Base Min","Base Max","Condition(s)","Constraint(s)","Mapping: RIM Mapping"
"LMTestResult","LMTestResult","","","",0,*,"","","","null {[]} {[]}
","Results for FCAMV Testing","Logical Model for FCAMV Testing","","","","","","","","","",,,,,"",,,,"Element",0,*,"ele-1
","","n/a"
"LMTestResult.id","LMTestResult.id","","","",0,1,"","","","string {[]} {[]}
","Unique id for inter-element referencing","Unique id for the element within a resource (for internal references). This may be any string value that does not contain spaces.","","","","","","","","","",,,,,"",,,,"Element.id",0,1,"","","n/a"
"LMTestResult.extension","LMTestResult.extension","","extensions
user content","",0,*,"","","","Extension {[]} {[]}
","Additional content defined by implementations","May be used to represent additional information that is not part of the basic definition of the element. To make the use of extensions safe and manageable, there is a strict set of governance  applied to the definition and use of extensions. Though any implementer can define an extension, there is a set of requirements that SHALL be met as part of the definition of the extension.","There can be no stigma associated with the use of extensions by any application, project, or standard - regardless of the institution or jurisdiction that uses or defines the extensions.  The use of extensions is what allows the FHIR specification to retain a core level of simplicity for everyone.","","","","","","","","",,,,,"","value:url}
","Extensions are always sliced by (at least) url",,"open","Element.extension",0,*,"","ele-1:All FHIR elements must have a @value or children {hasValue() or (children().count() > id.count())}
ext-1:Must have either extensions or value[x], not both {extension.exists() != value.exists()}","n/a"
"LMTestResult.laboratory","LMTestResult.laboratory","","","",1,1,"","","","BackboneElement {[]} {[]}
","Result Origin","Result Origin","","","","","","","","","",,,,,"",,,,"LMTestResult.laboratory",1,1,"","ele-1:All FHIR elements must have a @value or children {hasValue() or (children().count() > id.count())}
"
"LMTestResult.laboratory.id","LMTestResult.laboratory.id","","","",0,1,"","","","string {[]} {[]}
","Unique id for inter-element referencing","Unique id for the element within a resource (for internal references). This may be any string value that does not contain spaces.","","","","","","","","","",,,,,"",,,,"Element.id",0,1,"","","n/a"
"LMTestResult.laboratory.extension","LMTestResult.laboratory.extension","","extensions
user content","",0,*,"","","","Extension {[]} {[]}
","Additional content defined by implementations","May be used to represent additional information that is not part of the basic definition of the element. To make the use of extensions safe and manageable, there is a strict set of governance  applied to the definition and use of extensions. Though any implementer can define an extension, there is a set of requirements that SHALL be met as part of the definition of the extension.","There can be no stigma associated with the use of extensions by any application, project, or standard - regardless of the institution or jurisdiction that uses or defines the extensions.  The use of extensions is what allows the FHIR specification to retain a core level of simplicity for everyone.","","","","","","","","",,,,,"","value:url}
","Extensions are always sliced by (at least) url",,"open","Element.extension",0,*,"","ele-1:All FHIR elements must have a @value or children {hasValue() or (children().count() > id.count())}
ext-1:Must have either extensions or value[x], not both {extension.exists() != value.exists()}","n/a"
"LMTestResult.laboratory.modifierExtension","LMTestResult.laboratory.modifierExtension","","extensions
user contentmodifiers","",0,*,"","Y","Y","Extension {[]} {[]}
","Extensions that cannot be ignored even if unrecognized","May be used to represent additional information that is not part of the basic definition of the element and that modifies the understanding of the element in which it is contained and/or the understanding of the containing element's descendants. Usually modifier elements provide negation or qualification. To make the use of extensions safe and manageable, there is a strict set of governance applied to the definition and use of extensions. Though any implementer can define an extension, there is a set of requirements that SHALL be met as part of the definition of the extension. Applications processing a resource are required to check for modifier extensions.

Modifier extensions SHALL NOT change the meaning of any elements on Resource or DomainResource (including cannot change the meaning of modifierExtension itself).","There can be no stigma associated with the use of extensions by any application, project, or standard - regardless of the institution or jurisdiction that uses or defines the extensions.  The use of extensions is what allows the FHIR specification to retain a core level of simplicity for everyone.","Modifier extensions allow for extensions that *cannot* be safely ignored to be clearly distinguished from the vast majority of extensions which can be safely ignored.  This promotes interoperability by eliminating the need for implementers to prohibit the presence of extensions. For further information, see the [definition of modifier extensions](http://hl7.org/fhir/R4/extensibility.html#modifierExtension).","","","","","","","",,,,,"",,,,"BackboneElement.modifierExtension",0,*,"","ele-1:All FHIR elements must have a @value or children {hasValue() or (children().count() > id.count())}
ext-1:Must have either extensions or value[x], not both {extension.exists() != value.exists()}","N/A"
"LMTestResult.laboratory.identifierType","LMTestResult.laboratory.identifierType","","","",1,1,"","","","Coding {[]} {[]}
","Identifier Type for the Lab","Identifier Type for the Lab","","","","","","","","","",,,,,"",,,,"LMTestResult.laboratory.identifierType",1,1,"",""
"LMTestResult.laboratory.identifierNumber","LMTestResult.laboratory.identifierNumber","","","",1,1,"","","","string {[]} {[]}
","Identifier Number for the Lab","Identifier Number for the Lab","","","","","","","","","",,,,,"",,,,"LMTestResult.laboratory.identifierNumber",1,1,"",""
"LMTestResult.patient","LMTestResult.patient","","","",1,1,"","","","BackboneElement {[]} {[]}
","Patient Data","Patient Data","","","","","","","","","",,,,,"",,,,"LMTestResult.patient",1,1,"","ele-1:All FHIR elements must have a @value or children {hasValue() or (children().count() > id.count())}
"
"LMTestResult.patient.id","LMTestResult.patient.id","","","",0,1,"","","","string {[]} {[]}
","Unique id for inter-element referencing","Unique id for the element within a resource (for internal references). This may be any string value that does not contain spaces.","","","","","","","","","",,,,,"",,,,"Element.id",0,1,"","","n/a"
"LMTestResult.patient.extension","LMTestResult.patient.extension","","extensions
user content","",0,*,"","","","Extension {[]} {[]}
","Additional content defined by implementations","May be used to represent additional information that is not part of the basic definition of the element. To make the use of extensions safe and manageable, there is a strict set of governance  applied to the definition and use of extensions. Though any implementer can define an extension, there is a set of requirements that SHALL be met as part of the definition of the extension.","There can be no stigma associated with the use of extensions by any application, project, or standard - regardless of the institution or jurisdiction that uses or defines the extensions.  The use of extensions is what allows the FHIR specification to retain a core level of simplicity for everyone.","","","","","","","","",,,,,"","value:url}
","Extensions are always sliced by (at least) url",,"open","Element.extension",0,*,"","ele-1:All FHIR elements must have a @value or children {hasValue() or (children().count() > id.count())}
ext-1:Must have either extensions or value[x], not both {extension.exists() != value.exists()}","n/a"
"LMTestResult.patient.modifierExtension","LMTestResult.patient.modifierExtension","","extensions
user contentmodifiers","",0,*,"","Y","Y","Extension {[]} {[]}
","Extensions that cannot be ignored even if unrecognized","May be used to represent additional information that is not part of the basic definition of the element and that modifies the understanding of the element in which it is contained and/or the understanding of the containing element's descendants. Usually modifier elements provide negation or qualification. To make the use of extensions safe and manageable, there is a strict set of governance applied to the definition and use of extensions. Though any implementer can define an extension, there is a set of requirements that SHALL be met as part of the definition of the extension. Applications processing a resource are required to check for modifier extensions.

Modifier extensions SHALL NOT change the meaning of any elements on Resource or DomainResource (including cannot change the meaning of modifierExtension itself).","There can be no stigma associated with the use of extensions by any application, project, or standard - regardless of the institution or jurisdiction that uses or defines the extensions.  The use of extensions is what allows the FHIR specification to retain a core level of simplicity for everyone.","Modifier extensions allow for extensions that *cannot* be safely ignored to be clearly distinguished from the vast majority of extensions which can be safely ignored.  This promotes interoperability by eliminating the need for implementers to prohibit the presence of extensions. For further information, see the [definition of modifier extensions](http://hl7.org/fhir/R4/extensibility.html#modifierExtension).","","","","","","","",,,,,"",,,,"BackboneElement.modifierExtension",0,*,"","ele-1:All FHIR elements must have a @value or children {hasValue() or (children().count() > id.count())}
ext-1:Must have either extensions or value[x], not both {extension.exists() != value.exists()}","N/A"
"LMTestResult.patient.identifierType","LMTestResult.patient.identifierType","","","",1,1,"","","","Coding {[]} {[]}
","Identifier Type","Identifier Type","","","","","","","","","",,,,,"",,,,"LMTestResult.patient.identifierType",1,1,"",""
"LMTestResult.patient.identifierNumber","LMTestResult.patient.identifierNumber","","","",1,1,"","","","string {[]} {[]}
","Identifier Number","Identifier Number","","","","","","","","","",,,,,"",,,,"LMTestResult.patient.identifierNumber",1,1,"",""
"LMTestResult.patient.firstName","LMTestResult.patient.firstName","","","",1,1,"","","","string {[]} {[]}
","Patient First Name","Patient First Name","","","","","","","","","",,,,,"",,,,"LMTestResult.patient.firstName",1,1,"",""
"LMTestResult.patient.lastName","LMTestResult.patient.lastName","","","",1,1,"","","","string {[]} {[]}
","Patient Second Name","Patient Second Name","","","","","","","","","",,,,,"",,,,"LMTestResult.patient.lastName",1,1,"",""
"LMTestResult.patient.birthDate","LMTestResult.patient.birthDate","","","",1,1,"","","","dateTime {[]} {[]}
","Patient Birth Date","Patient Birth Date","","","","","","","","","",,,,,"",,,,"LMTestResult.patient.birthDate",1,1,"",""
"LMTestResult.patient.gender","LMTestResult.patient.gender","","","",1,1,"","","","Coding {[]} {[]}
","Patient Gender","Patient Gender","","","","","","","","","",,,,,"",,,,"LMTestResult.patient.gender",1,1,"",""
"LMTestResult.specimen","LMTestResult.specimen","","","",1,1,"","","","BackboneElement {[]} {[]}
","Specimen Data","Specimen Data","","","","","","","","","",,,,,"",,,,"LMTestResult.specimen",1,1,"","ele-1:All FHIR elements must have a @value or children {hasValue() or (children().count() > id.count())}
"
"LMTestResult.specimen.id","LMTestResult.specimen.id","","","",0,1,"","","","string {[]} {[]}
","Unique id for inter-element referencing","Unique id for the element within a resource (for internal references). This may be any string value that does not contain spaces.","","","","","","","","","",,,,,"",,,,"Element.id",0,1,"","","n/a"
"LMTestResult.specimen.extension","LMTestResult.specimen.extension","","extensions
user content","",0,*,"","","","Extension {[]} {[]}
","Additional content defined by implementations","May be used to represent additional information that is not part of the basic definition of the element. To make the use of extensions safe and manageable, there is a strict set of governance  applied to the definition and use of extensions. Though any implementer can define an extension, there is a set of requirements that SHALL be met as part of the definition of the extension.","There can be no stigma associated with the use of extensions by any application, project, or standard - regardless of the institution or jurisdiction that uses or defines the extensions.  The use of extensions is what allows the FHIR specification to retain a core level of simplicity for everyone.","","","","","","","","",,,,,"","value:url}
","Extensions are always sliced by (at least) url",,"open","Element.extension",0,*,"","ele-1:All FHIR elements must have a @value or children {hasValue() or (children().count() > id.count())}
ext-1:Must have either extensions or value[x], not both {extension.exists() != value.exists()}","n/a"
"LMTestResult.specimen.modifierExtension","LMTestResult.specimen.modifierExtension","","extensions
user contentmodifiers","",0,*,"","Y","Y","Extension {[]} {[]}
","Extensions that cannot be ignored even if unrecognized","May be used to represent additional information that is not part of the basic definition of the element and that modifies the understanding of the element in which it is contained and/or the understanding of the containing element's descendants. Usually modifier elements provide negation or qualification. To make the use of extensions safe and manageable, there is a strict set of governance applied to the definition and use of extensions. Though any implementer can define an extension, there is a set of requirements that SHALL be met as part of the definition of the extension. Applications processing a resource are required to check for modifier extensions.

Modifier extensions SHALL NOT change the meaning of any elements on Resource or DomainResource (including cannot change the meaning of modifierExtension itself).","There can be no stigma associated with the use of extensions by any application, project, or standard - regardless of the institution or jurisdiction that uses or defines the extensions.  The use of extensions is what allows the FHIR specification to retain a core level of simplicity for everyone.","Modifier extensions allow for extensions that *cannot* be safely ignored to be clearly distinguished from the vast majority of extensions which can be safely ignored.  This promotes interoperability by eliminating the need for implementers to prohibit the presence of extensions. For further information, see the [definition of modifier extensions](http://hl7.org/fhir/R4/extensibility.html#modifierExtension).","","","","","","","",,,,,"",,,,"BackboneElement.modifierExtension",0,*,"","ele-1:All FHIR elements must have a @value or children {hasValue() or (children().count() > id.count())}
ext-1:Must have either extensions or value[x], not both {extension.exists() != value.exists()}","N/A"
"LMTestResult.specimen.sampleDate","LMTestResult.specimen.sampleDate","","","",1,1,"","","","dateTime {[]} {[]}
","Date for the Sample","Date for the Sample","","","","","","","","","",,,,,"",,,,"LMTestResult.specimen.sampleDate",1,1,"",""
"LMTestResult.specimen.accessionNumber","LMTestResult.specimen.accessionNumber","","","",1,1,"","","","string {[]} {[]}
","Accession Number for the sample","Accession Number for the sample","","","","","","","","","",,,,,"",,,,"LMTestResult.specimen.accessionNumber",1,1,"",""
"LMTestResult.result","LMTestResult.result","","","",1,1,"","","","BackboneElement {[]} {[]}
","Result Data","Result Data","","","","","","","","","",,,,,"",,,,"LMTestResult.result",1,1,"","ele-1:All FHIR elements must have a @value or children {hasValue() or (children().count() > id.count())}
"
"LMTestResult.result.id","LMTestResult.result.id","","","",0,1,"","","","string {[]} {[]}
","Unique id for inter-element referencing","Unique id for the element within a resource (for internal references). This may be any string value that does not contain spaces.","","","","","","","","","",,,,,"",,,,"Element.id",0,1,"","","n/a"
"LMTestResult.result.extension","LMTestResult.result.extension","","extensions
user content","",0,*,"","","","Extension {[]} {[]}
","Additional content defined by implementations","May be used to represent additional information that is not part of the basic definition of the element. To make the use of extensions safe and manageable, there is a strict set of governance  applied to the definition and use of extensions. Though any implementer can define an extension, there is a set of requirements that SHALL be met as part of the definition of the extension.","There can be no stigma associated with the use of extensions by any application, project, or standard - regardless of the institution or jurisdiction that uses or defines the extensions.  The use of extensions is what allows the FHIR specification to retain a core level of simplicity for everyone.","","","","","","","","",,,,,"","value:url}
","Extensions are always sliced by (at least) url",,"open","Element.extension",0,*,"","ele-1:All FHIR elements must have a @value or children {hasValue() or (children().count() > id.count())}
ext-1:Must have either extensions or value[x], not both {extension.exists() != value.exists()}","n/a"
"LMTestResult.result.modifierExtension","LMTestResult.result.modifierExtension","","extensions
user contentmodifiers","",0,*,"","Y","Y","Extension {[]} {[]}
","Extensions that cannot be ignored even if unrecognized","May be used to represent additional information that is not part of the basic definition of the element and that modifies the understanding of the element in which it is contained and/or the understanding of the containing element's descendants. Usually modifier elements provide negation or qualification. To make the use of extensions safe and manageable, there is a strict set of governance applied to the definition and use of extensions. Though any implementer can define an extension, there is a set of requirements that SHALL be met as part of the definition of the extension. Applications processing a resource are required to check for modifier extensions.

Modifier extensions SHALL NOT change the meaning of any elements on Resource or DomainResource (including cannot change the meaning of modifierExtension itself).","There can be no stigma associated with the use of extensions by any application, project, or standard - regardless of the institution or jurisdiction that uses or defines the extensions.  The use of extensions is what allows the FHIR specification to retain a core level of simplicity for everyone.","Modifier extensions allow for extensions that *cannot* be safely ignored to be clearly distinguished from the vast majority of extensions which can be safely ignored.  This promotes interoperability by eliminating the need for implementers to prohibit the presence of extensions. For further information, see the [definition of modifier extensions](http://hl7.org/fhir/R4/extensibility.html#modifierExtension).","","","","","","","",,,,,"",,,,"BackboneElement.modifierExtension",0,*,"","ele-1:All FHIR elements must have a @value or children {hasValue() or (children().count() > id.count())}
ext-1:Must have either extensions or value[x], not both {extension.exists() != value.exists()}","N/A"
"LMTestResult.result.resultDate","LMTestResult.result.resultDate","","","",1,1,"","","","dateTime {[]} {[]}
","Date for the Sample","Date for the Sample","","","","","","","","","",,,,,"",,,,"LMTestResult.result.resultDate",1,1,"",""
"LMTestResult.result.resultCode","LMTestResult.result.resultCode","","","",1,1,"","","","Coding {[]} {[]}
","Code for the Result","Code for the Result","","","","","","","","","",,,,,"",,,,"LMTestResult.result.resultCode",1,1,"",""
"LMTestResult.result.numericResult","LMTestResult.result.numericResult","","","",1,1,"","","","decimal {[]} {[]}
","Numeric Result","Numeric Result","","","","","","","","","",,,,,"",,,,"LMTestResult.result.numericResult",1,1,"",""
"LMTestResult.result.referenceRangeLow","LMTestResult.result.referenceRangeLow","","","",1,1,"","","","decimal {[]} {[]}
","Reference Range Low","Reference Range Low","","","","","","","","","",,,,,"",,,,"LMTestResult.result.referenceRangeLow",1,1,"",""
"LMTestResult.result.referenceRangeHigh","LMTestResult.result.referenceRangeHigh","","","",1,1,"","","","decimal {[]} {[]}
","Reference Range High","Reference Range High","","","","","","","","","",,,,,"",,,,"LMTestResult.result.referenceRangeHigh",1,1,"",""
"LMTestResult.result.referenceRangeUnits","LMTestResult.result.referenceRangeUnits","","","",1,1,"","","","Coding {[]} {[]}
","Units from UCUM","Units from UCUM","","","","","","","","","",,,,,"",,,,"LMTestResult.result.referenceRangeUnits",1,1,"",""
"LMTestResult.result.interpretation","LMTestResult.result.interpretation","","","",1,1,"","","","Coding {[]} {[]}
","Code for the Interpretation","Code for the Interpretation","","","","","","","","","",,,,,"",,,,"LMTestResult.result.interpretation",1,1,"",""
