{
  "package": "fhir.example",
  "version": "0.1.0",
  "fhirVersion": "4.0.1",
  "extensions": [
    {
      "url": "http://example.org/StructureDefinition/LocalEthnicity",
      "title": "Local Ethnicity for Our Patients",
      "types": [
        "Coding",
        "Coding"
      ]
    }
  ],
  "profiles": {
    "AllergyIntolerance": [
      {
        "url": "http://example.org/StructureDefinition/CasestudyAllergyintolerance",
        "title": "CasestudyAllergyintolerance"
      }
    ],
    "Condition": [
      {
        "url": "http://example.org/StructureDefinition/CasestudyCondition",
        "title": "CasestudyCondition"
      }
    ],
    "DiagnosticReport": [
      {
        "url": "http://example.org/StructureDefinition/CasestudyDiagnosticReport",
        "title": "CasestudyDiagnosticReport"
      }
    ],
    "Encounter": [
      {
        "url": "http://example.org/StructureDefinition/CasestudyEncounter",
        "title": "CasestudyEncounter"
      }
    ],
    "MedicationRequest": [
      {
        "url": "http://example.org/StructureDefinition/CasestudyMedicationRequest",
        "title": "CasestudyMedicationRequest"
      }
    ],
    "MedicationStatement": [
      {
        "url": "http://example.org/StructureDefinition/CasestudyMedicationStatement",
        "title": "CasestudyMedicationStatement"
      }
    ],
    "Observation": [
      {
        "url": "http://example.org/StructureDefinition/CasestudyObservation",
        "title": "CasestudyObservation"
      }
    ],
    "Organization": [
      {
        "url": "http://example.org/StructureDefinition/CasestudyOrganization",
        "title": "CasestudyOrganization"
      }
    ],
    "Patient": [
      {
        "url": "http://example.org/StructureDefinition/CasestudyPatient",
        "title": "CasestudyPatient"
      }
    ],
    "PractitionerRole": [
      {
        "url": "http://example.org/StructureDefinition/CasestudyPractictionerRole",
        "title": "CasestudyPractictionerRole"
      }
    ],
    "Practitioner": [
      {
        "url": "http://example.org/StructureDefinition/CasestudyPractitioner",
        "title": "CasestudyPractitioner"
      }
    ],
    "QuestionnaireResponse": [
      {
        "url": "http://example.org/StructureDefinition/CasestudyQuestionnaireResponse",
        "title": "CasestudyQuestionnaireResponse"
      }
    ],
    "ServiceRequest": [
      {
        "url": "http://example.org/StructureDefinition/CasestudyServiceRequest",
        "title": "CasestudyServiceRequest"
      }
    ]
  },
  "usage": {
    "http://example.org/StructureDefinition/LocalEthnicity": [
      "Patient"
    ],
    "http://hl7.org/fhir/StructureDefinition/elementdefinition-bestpractice": [
      "StructureDefinition.snapshot.element.constraint"
    ],
    "http://hl7.org/fhir/StructureDefinition/elementdefinition-bestpractice-explanation": [
      "StructureDefinition.snapshot.element.constraint"
    ],
    "http://hl7.org/fhir/StructureDefinition/elementdefinition-bindingName": [
      "StructureDefinition.snapshot.element.binding"
    ],
    "http://hl7.org/fhir/StructureDefinition/elementdefinition-isCommonBinding": [
      "StructureDefinition.snapshot.element.binding"
    ],
    "http://hl7.org/fhir/StructureDefinition/elementdefinition-maxValueSet": [
      "StructureDefinition.snapshot.element.binding"
    ],
    "http://hl7.org/fhir/StructureDefinition/elementdefinition-translatable": [
      "StructureDefinition.snapshot.element"
    ],
    "http://hl7.org/fhir/StructureDefinition/questionnaire-itemControl": [
      "Questionnaire.item.item"
    ],
    "http://hl7.org/fhir/StructureDefinition/structuredefinition-category": [
      "StructureDefinition"
    ],
    "http://hl7.org/fhir/StructureDefinition/structuredefinition-display-hint": [
      "StructureDefinition.snapshot.element"
    ],
    "http://hl7.org/fhir/StructureDefinition/structuredefinition-explicit-type-name": [
      "StructureDefinition.snapshot.element"
    ],
    "http://hl7.org/fhir/StructureDefinition/structuredefinition-fhir-type": [
      "StructureDefinition.snapshot.element.type"
    ],
    "http://hl7.org/fhir/StructureDefinition/structuredefinition-hierarchy": [
      "StructureDefinition.snapshot.element.type"
    ],
    "http://hl7.org/fhir/StructureDefinition/structuredefinition-security-category": [
      "StructureDefinition"
    ],
    "http://hl7.org/fhir/StructureDefinition/structuredefinition-standards-status": [
      "StructureDefinition.snapshot.element"
    ],
    "http://hl7.org/fhir/tools/StructureDefinition/ig-internal-dependency": [
      "ImplementationGuide.definition"
    ],
    "http://hl7.org/fhir/tools/StructureDefinition/ig-page-name": [
      "ImplementationGuide.definition.page",
      "ImplementationGuide.definition.page.page"
    ],
    "http://hl7.org/fhir/tools/StructureDefinition/ig-parameter": [
      "ImplementationGuide.definition"
    ],
    "http://hl7.org/fhir/tools/StructureDefinition/implementationguide-dependency-comment": [
      "ImplementationGuide.dependsOn"
    ],
    "http://hl7.org/fhir/tools/StructureDefinition/resource-information": [
      "ImplementationGuide.definition.resource"
    ]
  }
}