{
  "resourceType" : "ValueSet",
  "id" : "LocalEthnicityVS",
  "text" : {
    "status" : "generated",
    "div" : "<div xmlns=\"http://www.w3.org/1999/xhtml\"><ul><li>Include all codes defined in <a href=\"CodeSystem-LocalEthnicityCS.html\"><code>http://example.org/CodeSystem/LocalEthnicityCS</code></a></li></ul></div>"
  },
  "url" : "http://example.org/ValueSet/LocalEthnicityVS",
  "version" : "0.1.0",
  "name" : "LocalEthnicityVS",
  "title" : "Codes for Ethnicity Validation",
  "status" : "active",
  "experimental" : false,
  "date" : "2023-07-06T18:34:41-03:00",
  "description" : "Codes for Ethnicity Validation",
  "compose" : {
    "include" : [{
      "system" : "http://example.org/CodeSystem/LocalEthnicityCS"
    }]
  }
}