<?xml version="1.0" encoding="UTF-8"?>

<ValueSet xmlns="http://hl7.org/fhir">
  <id value="LocalEthnicityVS"/>
  <text>
    <status value="generated"/><div xmlns="http://www.w3.org/1999/xhtml"><ul><li>Include all codes defined in <a href="CodeSystem-LocalEthnicityCS.html"><code>http://example.org/CodeSystem/LocalEthnicityCS</code></a></li></ul></div>
  </text>
  <url value="http://example.org/ValueSet/LocalEthnicityVS"/>
  <version value="0.1.0"/>
  <name value="LocalEthnicityVS"/>
  <title value="Codes for Ethnicity Validation"/>
  <status value="active"/>
  <experimental value="false"/>
  <date value="2023-07-06T18:34:41-03:00"/>
  <description value="Codes for Ethnicity Validation"/>
  <compose>
    <include>
      <system value="http://example.org/CodeSystem/LocalEthnicityCS"/>
    </include>
  </compose>
</ValueSet>